author,date,text,url
,"enopdSrostmlfu11520603a5gs390muhc1i00ta76r7¬†m7901ucc¬†l,120:6",ÿπŸÑÿßÿ¥ ÿßŸÑŸÜŸäÿßÿ®ÿ© ÿßŸÑÿπŸÖŸàŸÖŸäÿ© ŸÖÿß ÿ™ÿØÿÆŸÑÿ¥ ÿ®ÿπÿØ ÿßŸÑÿßÿ™ŸáÿßŸÖÿßÿ™ ÿßŸÑÿÆÿ∑Ÿäÿ±ÿ© ÿßŸÑŸä ÿµÿ±ÿ≠ÿ™ ÿ®ŸäŸáÿß ÿ±ŸäŸÖ ÿßŸÑÿ®ŸÜÿß ŸÅŸä ÿßŸÑÿßÿπŸÑÿßŸÖ ŸÖÿπ ÿßÿµÿ±ÿßÿ±Ÿáÿß ÿπŸÑŸâ Ÿàÿ¨ŸàÿØ ÿßÿ´ÿ®ÿßÿ™ÿßÿ™ ÿπŸÜÿØŸáÿß ŸÅŸäŸÖÿß ŸÑÿß ŸäÿØÿπŸà ŸÑŸÑÿ¥ŸÉ ŸÅŸä ÿµÿ≠ÿ© ÿßŸÑÿ¨ÿ±ŸäŸÖÿ©.ŸÇÿ®ŸÑ ÿßŸÑŸÖÿ™ŸáŸÖ ŸÑ‚Ä¶ En voir plus,https://www.facebook.com/ESTunis?__cft__[0]=AZX1B6TC1Jvw2gVfDsw0ldNuiSbiby2h282b_edmqk13Z8GDbbuKhATUfNtvR_kVJISGoKoJNBj6auK8HV0AECMZgMrVXuru8Fkn-hDPuWKnUciA8urRciOe-Ziu_jylcD9-9uFFeS0e2FrLDZo13KpQsLEvxh8QuzxOiQmwqxapAH78tXsw-K_Kyc6RMpmcff6je08ajCAFP8EUrbCaIQ0k&__tn__=%3C%3C%2CP-R
No author found,No date found,No text found,No URL found
No author found,No date found,No text found,No URL found
,"Spnetosodr3f89:2054181t¬†1aamhgcm1ui9r8227¬†5tl2502a14icasuim,",No text found,https://www.facebook.com/MAGTV.tn?__cft__[0]=AZUPz7_IJ8Gcu9dHYvllTidaJUpb-pBr-NQQGdScHBltHf13ARbxTxLeltUR-_pruDO8memqjKun7ZWJ8CfOc11GjHrCt0G8dBZcNxSSIMn0Q51OQphtuu_Y982YjbkzkAGv1JEyYxgmNfsbP-22I5vHAEqH_W6-Po_EwxMlGfW57AlyazUrLQ58GbZvNhDxSH_InYZXdtX_tFJCRUh5IZNy&__tn__=-]C%2CP-R
No author found,No date found,No text found,No URL found
No author found,No date found,No text found,No URL found
Compte v√©rifi√©,"Spnetosodr3f89:2054181t¬†1arvhgcm6ui9i¬†237a5tl1522a14icaluim,","L√©onie, 10 ans, doit d√©sormais faire sa dict√©e √† la maison. Le 21 mars, la famille apprend par un courrier que l'√©l√®ve de cm2 est renvoy√©e de son √©tablissement priv√© √† ‚Ä¶ En voir plus",https://www.facebook.com/stories/107160094959322/UzpfSVNDOjY2MDAyMjU4MzMwMDc1NA==/?view_single=false&__cft__[0]=AZVuumsvHBYxTLBxJAV06JUpO0PtkVLW__06xYVBvvhe77eoALpTCdGKWVISJYw4vC2JY3jMcNwbdzKdnPeg19mZ5-7xAGCyjUBhMQ6Yof3sjSZXDUjsnK_u6hC4WFL_9DbGRnVGOg1DsJRcH3sdL-BNR1gkom5qqSq4xax2RniTxBgkOpuJJFZscqD0ZFJ1ErFsmT32qRutAamCf-AqXSD5&__tn__=%3C%3C%2CP-R
Compte v√©rifi√©,16 d√©c,No text found,https://www.facebook.com/reel/4364582750435137/?s=single_unit&__cft__[0]=AZW5L-xUxn1f5LTUyoiH0YRsSEzH_RBOfe_EOHA8Hc8QM_efaQC1jM6oHt7Ca8XsNIVI6r4ml26jv-Lu6v1oUbHjcSF0gB3Jq4kdob8Zu_ESsKho1ZcD2C6kiUtWVQFw3VEqp-j__GFJCSt7bbAxC2JtuugfTgzMiXwBqHAlX0IMbM1dNp_54UKacQL-bd5lFPxkzrUvgstbdjenLm84WIwy&__tn__=H-R
No author found,No date found,No text found,No URL found
Compte v√©rifi√©,drtnoeospSt53li496a0025ht9c9mi1vr1t75g¬†ij950in1h0ealcgca051m,"L'univers de Buffy contre les vampires a r√©cemment √©t√© √©clabouss√© par des r√©v√©lations choquantes.  Des actrices, comme @charismacarpenter et @michelletrachtenberg (Daw‚Ä¶ En voir plus",https://www.facebook.com/stories/101585905346682/UzpfSVNDOjExNzE0MTcxMzgwNjU3OTM=/?view_single=false&__cft__[0]=AZU3qUgZxTHaHUJIQXpXJ3uS2m6aNX8QCr6xiMOo2tiTPIkWX3Aw_edNUyaqBPfYqJ7YgJqcBr6cYVEvWX61IcgnIV-7YmKTfUHDrTGIWxUVJmFsfkCSdufUSjRtuH2SuIrleC2CKXgbVijpLpGaMmmFMLXs8DsANFMgccS7lmFR64D5YFAXvXFefKPv5CbsBnse_jwdqZyWYGAhpOr9IpRs&__tn__=%3C%3C%2CP-R
Compte v√©rifi√©,"drtnoeospSt53l:49,a0024ht9c9mia¬†41t75gvir9500l1h09alcgci0¬†1m",Ma prochaine vid√©o sera en langue Kanembou.‚Ä¶ En voir plus,https://www.facebook.com/profile.php?id=100053317065689&__cft__[0]=AZXPigGvrQwuk3F-K0vwID-YPI5KzAFhmeL0HEJO8vFcGjCUX3CXM93-BB6JvjGruE7zJQCK1YzhXxPIUUflRYnBwNcqP003UpzjGcSabEocxdAGYWEd6Mb9bgA7Gt7Z5dYMY-SAOK88-9_QapjeCbleaK8EGgYi87MvyOnTRCmRTXj76Vy6ILtYETWDHICDFDJ9YdqdX3nslgI_BxPJyiVc&__tn__=%3C%3C%2CP-R
Compte v√©rifi√©,drtnoeospSt53le496a0025ht9c9mi1vr1t75g9i¬†950r√©1h0ialcgcf011m,"Amandine et Alexandre Pellissard font face √† la pol√©mique. Harcel√©s depuis plusieurs mois par leur propri√©taire, les Pellissard veulent d√©m√©nager en urgence en Espagne.‚Ä¶ En voir plus",https://www.facebook.com/stories/102865058548855/UzpfSVNDOjIzNTgyODA3MjQ1NTQzMTI=/?view_single=false&__cft__[0]=AZV0C1fyptP_-__7CvuSjA1RrPnL1Q4MZO2la8tXwRvOJxWrAsRByszY3sheUGjzYPAnUpUysE94H31Z-YGdbJhGdnBsfo-nMOKDg7iUEc5LYa0hGfLRTAxgewHwt5yuK5B8sL9LN44wQJO_cG-5bSytm4HjOTKQSC_6Hj7N2dsvgT7L4OnpIWwkLUMAA49gggPN0sKPje-75Ei6aUjhqU6T&__tn__=%3C%3C%2CP-R
No author found,No date found,No text found,No URL found
,drtnoeospSt53l049ra0022htvc9mi¬†e42t75gnio950¬†b1h02alcgcme31m,#MERRI le #Harc√®lement t√©l√©phonique ...,https://www.facebook.com/merricarotte?__cft__[0]=AZWRsagyzF5M9Qe9j2z42lgHMMNNih6UWFl5cpKUckRAALohNnYFVzg3Slkz_yjllh908Krlp_NwzSkSvV7Y5KvM0FkmJkycERVdnOnYuWiiKNgh2fK9Lf0lEgVh4ddvhj9S4XivUiPDjCXvG8YHy3-S6WQvU2z6deGrsHWc7EYWhSTBrQBVr8yrr2yleTrsjXgRcrzBxy8JkrgmR20RqaWJ&__tn__=%3C%3C%2CP-R
,"drtnoeospSt53l:49,a0022ht9c9mi¬†¬†65t75gmia9501s1h03alcgcr071m",Cumul indemnit√©s de non-concurrence et allocations ch√¥mage : c‚Äôest possible ! Vous √™tes Cadre ou cadre dirigeant et votre entreprise est en r√©organisation / restructura‚Ä¶ En voir plus,https://www.facebook.com/cabinetavibitton?__cft__[0]=AZXfyt70Wgy6UM2MMi1KkaAvFicgt6--L5fyjDSPBZXicgmr8ruwNAg_3oOcYKGw0-OjrVKFlsB3dccAdIV3HYAufJN7Q9N2y_n3f15CWZ6-svJR04qmZCJWprdhC9slrdcXsJ3RWMim66t7DFyI7NmcQw7nk_scHk7WX4ZODr4D9V6IAY3N4NAK2R53Nf6LaZj8Wlr2HaHyu1xqM9ySKMxi&__tn__=%3C%3C%2CP-R
Compte v√©rifi√©,"orpdtseoSn¬†14vg5fu53,003lgt17mit2tc0h7533¬†rh:4h43c1a4a153c0m", #Harc√®lement 2.0 : R√©silience des Africaines connect√©es.,https://www.facebook.com/profile.php?id=100053317065689&__cft__[0]=AZVb1NeFp7UvHf_BjSFKRGqGRoy_mlZppyqHnicGkRrHERtdKbEpiWaJJX00ByRh3Xmy-ORLTzxKXpYsymVx06X9NW_bjFbaWzAVUy28njLAvsSHBhUHSY_cs24g0krUG74yIKDOjKrSQ-XSnwY8uebGyNNCc-x60wb5WtX39qfTeDIHV_OYGGdfdum_fNcUnDeWyWxZFmQrteo1wn0Vhfq2&__tn__=%3C%3C%2CP-R
Compte v√©rifi√©,"orpdtseoSn114ag5:u41l003igt17mrt2tc0h7533,vh74h13c1a4¬†¬†53c2m","[ #ùó•ùó≤ùóΩùóπùóÆùòÜ ùó¨ùóºùóπùóÆùóªùó±ùó≤ ùóïùóºùó±ùó∂ùóºùóªùó¥ : ùóÆÃÄ ùó∞ùóÆùòÇùòÄùó≤ ùó±ùó≤ ùóπ'ùó∂ùóªùó∑ùòÇùòÄùòÅùó∂ùó∞ùó≤ ùó≤ùòÅ ùó±ùòÇ ùóµùóÆùóøùó∞ùó≤ÃÄùóπùó≤ùó∫ùó≤ùóªùòÅ, ùó∑'ùóÆùó∂ ùóÆùóøùóøùó≤ÃÇùòÅùó≤ÃÅ ùó±ùó≤ ùó∑ùóºùòÇùó≤ùóø ùóÆùòÇ ùóµùóÆùóªùó±ùóØùóÆùóπùóπ ] D√©claration de Yolande Bodiong/ PDG SUN TV - MARABO/ Prom‚Ä¶ En voir plus",https://www.facebook.com/Canal2International?__cft__[0]=AZVfiubjU-qlsWCZl8Nsf50TZUca4tyx1psI6PW2i-D9KXohAL2kRCb4OR8DYURoFPNKFzHt1HW0DAk3Rjw55kv1sJUWmapL7sePluMyOc3cR9EVku0IKaLJc6OXEkkyOMWP0uSqdiuGP34qphd1mG2XMIzeaX6SLlt78QnJQ4ERw6mFwRQLSfx5NosN_poqjGm-ukdvR-NvJ3xDdpFhGSQT&__tn__=%3C%3C%2CP-R
No author found,3 f√©v,No text found,https://www.facebook.com/reel/1125104212705556/?s=single_unit&__cft__[0]=AZWeT31i6ihlCALBrtnvwc2__l5NRgtxbPNl9xJ74N_rMVY_AkG25hFJDeqULvodOVpK7PWz4_geQVHTkLwL_N5DUz-GACRP2OgZlHkmtpjxqLWhttLzYPDsPBsREDjIoja6jTZlEGCFIOmwuKnKJUHPaW0e14vaGZZmXA0zaHk-V5u2EXqcGId46x5u04Hn-7cSAdJFdk_1uvGE2t0U2IWq&__tn__=H-R
Compte v√©rifi√©,orpdtseoSn814fg5fus0m003ggt17m2t2tc0h7533a¬†h64ht3c1a4mr53ccm,Mon gentil boss serait il un pervers ?‚Ä¶ En voir plus,https://www.facebook.com/stories/173737690781377/UzpfSVNDOjY5NjY2NTI4OTM2MTg2Nw==/?view_single=false&__cft__[0]=AZWLPfbgXDN7BglgevHRFcQdOW_otcAvjUNQpwEuF3L4Sb5zNgLf3uAZAudbhHDezPQnC4qr4E2JK9GAgk51s8RCfbq17c0BqHvMqX04yRbcqix-0RTkIApVeYM8FUixfqcDTBp2cPUQGNigiBiFls52fAS06Rw1cFHksD7B8q4UKrpUY7-HbdvRe2TduFVXzEv_nGsE1CGQYMOaMDc2FEIk&__tn__=%3C%3C%2CP-R
No author found,No date found,No text found,No URL found
No author found,No date found,No text found,No URL found
Compte v√©rifi√©,12 d√©c,No text found,https://www.facebook.com/reel/1517900532222143/?s=single_unit&__cft__[0]=AZUQ6X_-0YqPAT_Un50T0d--kIQRA0O_aCOvZQyLZzOMEEZCpoV7rpIox0QB5nUBy0Jn9g35i-ayfNr07rr-VcaSvT0Kswsny2AcXE8FY7WfII-f3837hnGHbY0WJ0Bet0PaZ9nrQa-K_WrtQ4vyccCsTtiHlY_qkIJneFFf9au4mshhmU8_GYuHO91QuegA82ytN5vnSpqAGdeXb617CKwc&__tn__=H-R
Compte v√©rifi√©,odrSoesnpt512ff5tt2183¬†6r4g00uh1g6u97658i18am905a188u1mt6u5s,J28 : Laisse-moi te dire (live) ¬´ Les autres n‚Äôont sur toi que le pouvoir que tu leur donnes ¬ª #ryon #harcelement #acoustique #introspection #harcelementscolaire #harcelementmoral,https://www.facebook.com/ryonmusic?__cft__[0]=AZW4G2CqL-0-VlhtKUFnKmmBXaBOoXfkEXARC0FOBVi39HaACZHaeP7RvPT4-9Pz0fa4tEkM31GAbutAXFfRj9Mm97sYYn-aWsAPNlrjOObgmHCTdRByTP_4lGjbtCc4vOv0lnmmflZwtjMYcDPCHwJiujAtUQDX6m88OUV2aFPTyerX3vEyC8XkLA_L06pt9FfPPrgO3nWpXBQZpSGNzwmz&__tn__=%3C%3C%2CP-R
Compte v√©rifi√©,odrSoesnpt512ff5tt2183¬†6r4g00uh1g6u97258im8am905a188u1mt6u5s," L'univers de Buffy contre les vampires a √©t√© √©clabouss√© par des r√©v√©lations choquantes. Des actrices, comme Charisma Carpenter et la regrett√©e Michelle Trachtenberg, ‚Ä¶ En voir plus",https://www.facebook.com/stories/101585905346682/UzpfSVNDOjExNzE0MTcxMzgwNjU3OTM=/?view_single=false&__cft__[0]=AZUHurO9_auuEC4lNXqOa02UFDn0C5DKYkO6mjqNAXQ0cKA-a7ooDqnjWtzi72o098Ryu9JoalnWdZAI7RzVtbpDbdyWUylrcGMmprBMr1Z0VcWIZQETZeocELSYoTsXc23IVbGt1tGKl3w8xrxZDXykGVZqX9p8-nl7ehssLEJjesmESD9a2DklCeBwe0Nsvqmg7b--XlKehPSglPnLn7Va&__tn__=%3C%3C%2CP-R
No author found,18 f√©v,No text found,https://www.facebook.com/reel/3598395483793917/?s=single_unit&__cft__[0]=AZVmVkgY5b0LPfa8VGjOlxT6BsGWpSzluDaDoiaz6YXopVu9j8nZECG5Z5fnM16AOyWpldiPcr5swz0NLlNZFqW7ODIRAyk7ssLz5DEFdSvs95VpUCsLeo88CvN6pS0MDsTj4TmJcShnJc6TjgNlMrJACwYRmPv-UcuW8iH7OeGDL6UzsfH5hjhKv3CsfTskHetoMJDWRKPLm4RF7uBHpsT3JN_7Fk566xIeDxEJRPF0Bg&__tn__=H-R
Compte v√©rifi√©,15 f√©v,No text found,https://www.facebook.com/reel/621759557164805/?s=single_unit&__cft__[0]=AZUkixK-g4brZ_yrvQ90k4XKbUOLlOhoj7tLQBuJsHFyhuMHhE7-Bx7G30DWLLPNSFdcpHmJgba1qRZRrNO2Ba2zbfKwy1YZgII6eAxV7lpHf0b9BRd82jY2sjTv0KWxjfTckD8um8uyWn8Kt3uAVMFgpVMbZTr7dbvyOTkkShxNMveAHzqmOMa412ZQ1s-7db6YlTDAVTMOK60N12Jwq4dm&__tn__=H-R
No author found,No date found,No text found,No URL found
,"otsodnpreS71v0hii7g,¬†0ll413m214¬†894u60259a1fah9rua6:7la338lh","Il faut en parler c‚Äôest quand m√™me relou, toujours la m√™me rengaine. Apr√®s on s‚Äô√©tonne des trauma, des violences dans le cadre priv√©, des violences dans le cadre professionnel (le harc√®lement est une violence). Ces hommes devraient √™tre honteux, pour la plupart p√®re de famille et √† un √¢ge bien avanc√© par rapport au mien et √† l‚Äô√¢ge de mes copines qui ont toutes eues un jour √† subir ces cochonneries. #harcelement #prendrelaparole #violencesfaitesauxfemmes #metoo #girlboss",https://www.facebook.com/mamiecobra?__cft__[0]=AZUPGRUBm-_nn1BuMeGKOIkh8qazR8tEv2VKLw9rJbt-n0P2I951RmLuu45ypEIuHmvpYSFvWE5HHRUt8BIHNiru19t1Msu0HV30e-DEUO2OC9rA_mlaGpr_3xxTcmL8dFtdNFfELvrk-JzF8-vmK1Xs6DgIjgcHZDJSAiVuLrWNig&__tn__=%3C%3C%2CP-R
No author found,6 nov,No text found,https://www.facebook.com/reel/608522844830812/?s=single_unit&__cft__[0]=AZUNCBioargujrSuYcll2ExycS2kxH8HyIg7y66wL_YxVGOK_Ze4aXxW17uxrORl7fsarltZoLeXFRBGEkc5fLjebJa15lqYl9KYa_KRFpgancoHy4ey3P9sit461w9TSlh_o2qQEQAwiinq42UeJbFyfV_3xb1McgM9ttLINeMXtrkukDdsCG6mjvHsLmTL6fgVM9F53oFpNRxRh2NglYwJ&__tn__=H-R
No author found,19 mar,No text found,https://www.facebook.com/reel/1157612319191455/?s=single_unit&__cft__[0]=AZXPP5G0jphIvydGkMc4oFUmd60i9FI6WDC0PdcpWHeCvzY-D_1iPJLnpfEYGWkp_ojy21d3MKLSeP_hRyDvsbOCZjPWlqjib3LZbZJCNHR6l7KYRDt885cu0cDbX5x-idJfWemHM0x4wOwBCHC3WF3F1gR95agWXhTw9FrTWHGYm0G_1CDUoLsH2P-BnxgpAamhbMeJaIxMivuVGSVL4Lkj&__tn__=H-R
Compte v√©rifi√©,otsodnpreS716rhi¬†7ga10lj413m214n894u60v53agfah96ua6i7lf3e8lh,"Pour lutter contre les d√©marchages t√©l√©phoniques, un jeune boucher a trouv√© la solution. Ryan a lanc√© une application mobile qui bloque les appels commerciaux. En quelq‚Ä¶ En voir plus",https://www.facebook.com/stories/108364804653912/UzpfSVNDOjU0NzAzNjA2ODQ0OTMwNQ==/?view_single=false&__cft__[0]=AZVM9iXeI-i64be0qDsQaOafItDmCkPCd10N5QjQRgiwGbWEhxQojeKl5tIMcvwAqAI0D_oOUB8d5Il1kee9wMKDn8VY7EmCoB6yvF-S5NPHb-ElSA4r68esCoj9cDWvet7xmGyJ6WLQam_T07CwXv_ebpag2uFi-QAOm8_ch_j-YNij1khXkqYJcHbR2VrCyB0c2oKoV-Hwv93FWZEwngdP&__tn__=%3C%3C%2CP-R
No author found,No date found,No text found,No URL found
No author found,No date found,No text found,No URL found
No author found,6 jan,No text found,https://www.facebook.com/reel/1559163788137342/?s=single_unit&__cft__[0]=AZXs3YiLsfeLsCv0IopOj-uzbos3duE96DXESxc4B-oLG8-VT5UhK61__TkNg-7tySiMhx-eZ43T-tg4tO9bFAKJEEKy_r0DNgox41g7eXtTd_exEHbe9KYaOSkvAqP5xV6lW2mgvVnfieyzwYE1oWjfM1Qc-thqFd59HGYK7KC7BD-mvkKaUwlzfhWlN7xfOp66COfmmmR2f5T3ycnANR68&__tn__=H-R
No author found,13 avr,No text found,https://www.facebook.com/reel/966878832269202/?s=single_unit&__cft__[0]=AZXf2AKLLTT0E_TVaazc3zoergBqAgKv6i91Vev94nQmK3e5qOISGGZ08BTGtfI4p7TQ16YII3aVDYK51Btk29kNCuwAF9Qo7Yhi3DHsF3IRHiCDUCYkIA5FKCTE2E_GDK1tbppGIauaVl3UvO5DWNZFZ2fg25REZ-gt1fK5FEpRY2KioYd5JgPz5qd_WGhMglw&__tn__=H-R
No author found,13 f√©v,No text found,https://www.facebook.com/reel/1842978736533090/?s=single_unit&__cft__[0]=AZU1YRVsstkv1boYTKgPdc4tTgdcizCyUwQ1yNYKZ_kBvDTm0t-XMtchXCcMPHOzDgAK2gVoB1EFzfHC84AnFxNRCaqJTstIW9r5tShbv1KWbHwUxE3euEYfK2oMOsi-HBD2KLW3bqkEc0JpIvcKm0KU_buVU9T5HZliy6f_q-0QScTSlWIP3_8H8e_ht4b-YrxH4hHmEgaL4a-mRwktW0cq3_2HXY-dwL0W6onUjD5oZg&__tn__=H-R
No author found,22 mar,No text found,https://www.facebook.com/reel/2077946159354877/?s=single_unit&__cft__[0]=AZWpqIfegVywJ44a6Wlvx2SmuVfCtBvEgMNrbdC-qJWRO5A0Vg5KF4drJWto5SL_n5_67WFYus7rUqZ_1LH6Ybgy5NV5S4_ropR69fNCiXnYaXZdbaBikcBP0daZDLswZKM294nPtXcpD4wpNg3nvRnY4nmokmEAx7QFQRXZGDcAkJ4wtvz-Vz-s3-tVoWvT-Eht-SMoM6sMLUmX_LX1ZWYj&__tn__=H-R
Compte v√©rifi√©,"rSepoodtnslh6i129ala0316,01gr¬†lla517ta4v¬†u63c5a3fgc9h:gf30ia","Apr√®s avoir √©t√© harcel√©e pendant des ann√©es par 2 ex petits amis, Marina Ferbus s'est donn√© la mort. Elle avait 21 ans. L'affaire doit √™tre r√©examin√©e fin mai. Une soix‚Ä¶ En voir plus",https://www.facebook.com/stories/107160094959322/UzpfSVNDOjY2MDAyMjU4MzMwMDc1NA==/?view_single=false&__cft__[0]=AZUK2FjBZWujnb0qYpkrSSqxAVQMURErzMVY2dVrUkipADafJz_nUOssT86a13UJILNPAq4NV_kwL9aCrN1rv7k-hSoVhsg4PSpFIpdI0G60NxQNQ_p_OraGc43eZjXWIPr90XgNpfVwTtDcsHSG831r3qcn6Niekh6Qm8dCJe55jss65T4SxyvnmIBASVDRXnCQ_ymrrQ2SXgrPWuNv2TAo&__tn__=%3C%3C%2CP-R
No author found,3 avr,No text found,https://www.facebook.com/reel/541214372350430/?s=single_unit&__cft__[0]=AZVhBQRJMnssT_ShrbNdBeC0hLty44S98UbdxBQLKNLh6ajzJWPG3qRYuX-7zi_E2PdkFpsS7yFHYSpPr1kFHTUmIwA3bI8Y0cXdqYzBsyLNgRXbfQgtSAAXYELvOB936VuJAqJrz03KfDYTMl_1K08bnIZndthVxmShfGi9p11wpmOgTXAyEn5qZdq4f-9lD819C8zzer7uOnOgkindtUoj&__tn__=H-R
,"nSedpsotro5f3i¬†g3¬†72f7uf9lih85c6550a0htv:6rlai7f21,3g95705au",Vous √™tes Cadre ou cadre dirigeant et votre entreprise est en r√©organisation / restructuration ? Vous √™tes en souffrance au travail ou en burn out ? Vous faites l‚Äôobjet‚Ä¶ En voir plus,https://www.facebook.com/cabinetavibitton?__cft__[0]=AZWCstOxmCFWGzuXSiHK_3sJpL10iyG0egmwCrMVqTAvuWsqwpMTnAicl3ZEfmkmQpxVjD72MghraErU4_7vSKvZkAXz7b8Si32G7M0S-RfatHKYBiPB7Q2sgtFqH3rtuWuJmVINO7uTJvBNcxXJoTUXOp1STfzaRuGRLd2_P310n1Ci0xKUPdpARJ0JCCZb8yeHp8kghWfxnxntvWRB4LAb&__tn__=%3C%3C%2CP-R
No author found,25 f√©v,No text found,https://www.facebook.com/reel/3855462601333619/?s=single_unit&__cft__[0]=AZXDh2G5fjG8tmimlBnEJCovSh2XmlmqVfHtc_hN8kf4kvKPbeQc7zqVaNlHfba1VMcXOO_bk-nHjviYxWSxXrxxet-RngWWAGqIkEosaF-AvzTQ0wwztHe-dh8hGeiFZ7lOxKPJa6EUWWLC-kzMoLeYhw9qDLQoKZMkWIi1GSP2sj-tQgo35tTMMFnwby3kJjk3ZAmPi8O4BRsn1ia4mKrO&__tn__=H-R
No author found,No date found,No text found,No URL found
No author found,18 f√©v,No text found,https://www.facebook.com/reel/2186669878414717/?s=single_unit&__cft__[0]=AZXSd-mRXHH5tbinAxzYxnYPIGXvzlyITD_6_atkntyZHQYycTtU28VSp83ybJHopnOTUvGwC-P9Hjma6O6hTfAh37PPYWoYubZ08hm0-apdEo6C9wTnzuDj9rAHvJVyWbIYFhLtcTE2bAveYJ7uulHMy40Y7ntrPa7xuTkkGavLkaf4AJ5xjrXh9oB4Ke5GRAwgh4uEL3xIFewqqYbcDSu7&__tn__=H-R
No author found,No date found,No text found,No URL found
,"nSedpsotro5¬†3i4g1¬†72f7uf9lih85c4550a0htv:6rlai7f11,3g95784au","Je parle aujourd‚Äôhui car le ph√©nom√®ne des violences dans les milieux militants est fr√©quent L‚Äôune des techniques utilis√©es  par ces agresseureuses est de cr√©er la division entre les militant‚Ä¢es, de jeter le doute, de dire d‚Äôune personne ¬´ celle-l√† je ne la sens pas ¬ª et/ou d‚Äôutiliser son moindre faux-pas pour la discr√©diter sous couvert de puret√© militante Lorsqu‚Äôiels sont d√©couvertes, iels rebondissent dans un autre milieu et recommencent la m√™me strat√©gie ailleurs ‚Ä¶ En voir plus",https://www.facebook.com/stories/1226040110828759/UzpfSVNDOjY1MzQwMTkwNzU1NzExNQ==/?view_single=false&__cft__[0]=AZXhLPWDBkdaLDiWPaoj991LwNbGOEsTviQLpQrcoLSb7qQWJoQdD3PPTzj2APSVECrjDoPEhsAZMh7D599p1MUr2VRgrNW8BDKh5V2fwHhjXgaTGVFoitVS2rpVH90uEmw77vblbgk8dFczBUHpiZogX2aWkqYgPfEmjNZAHaEk3w&__tn__=%3C%3C%2CP-R
,"Sordnpeostci0,uh25¬†u09a83uhu:4tuclrlvi53ft01191¬†8tfu2f385i63",#parasite #harcelement #jamaistutarrete #maislachemoiputain #screenshot,https://www.facebook.com/lilougolddigga?__cft__[0]=AZXs6NnB1575A_cNeD998iISAATwGUxmYlVvrBHj5folhVs9MyYB1u5TkHR22NRFQnsv7GfiX8Wy2C2jlbaF7Qimwc0_6i52JwbMsK2WCMm0H_UoxRGwvOB-XI2wPXREan3WKHLpLLRGLyXknUamCX7AEW63yUMKynO4x_J8W-WKug&__tn__=%3C%3C%2CP-R
No author found,14 mar,No text found,https://www.facebook.com/reel/661302216371239/?s=single_unit&__cft__[0]=AZUzVV6MRzKAQhqznJh6JCoNxN3HN6cEKQM1fDv_Ib36q17irqD9quVbxF3-DTAQL9IEoIXBO520DpJSjMGZNkHutANkLp3VQmn27ty3cabKIBywFug3HLt5voil191NIkPDl8T-ioQBvVkuesL-crcLDdxEUdlAgPY7L99gBXu5rAXUicjNwBe3KuCmxAF9WFZ3xZcqgaqMWaplO5kWi9tv&__tn__=H-R
No author found,7 nov,No text found,https://www.facebook.com/reel/1294979474837351/?s=single_unit&__cft__[0]=AZX8OEgqiExKYj-M7ggHbpzOCgJEqBJzbnge9VEe3N4Pb2NCiLQZ4U9HVzTXyM_kyn2K99_5wIpi-U-NC9DoAL4Vclw4Ra--m2hnjP5hBmgnWeb7hO6739t3ceC6xKXDuB88dTRVgju9tIBlQRJJ-nI6LI9ZCoVtxovRfFfckWQFt-U1W93MdUCwvCeYMDVKRCZTT4c92ucWoMsyReRwK6Ya&__tn__=H-R
No author found,23 juin,No text found,https://www.facebook.com/reel/2598855883781568/?s=single_unit&__cft__[0]=AZVbMcno9AiL4H6XlTyJBpHH6TIlOkht7dCYau1y_-vHimcyl8_yV3xxxA1ANxSmyF0MgknjYApt4f44JrE1JJGHs2dIsj4aiiLDQnx3iBPM8U0Xy91FjNHka4PGh8nNvV52PUmvPn5iZHhnuhor-WIoQhLVx3wvixJ83bpm8ECpbDSEUQZL1lC2gQ6OWQ5uyXorUCC8hLUQ9AcVp90OpeRoXT3OfZMK-AKbdCR3Lq_RFQ&__tn__=H-R
No author found,No date found,No text found,No URL found
No author found,No date found,No text found,No URL found
No author found,No date found,No text found,No URL found
No author found,No date found,No text found,No URL found
No author found,No date found,No text found,No URL found
No author found,No date found,No text found,No URL found
No author found,11 f√©v,No text found,https://www.facebook.com/reel/1148394440111860/?s=single_unit&__cft__[0]=AZV90pHIt5hNOiEPzkqUDhyDDbKZCp68n3QEX1sOEJt890afGb_P7lQPwUAZRSraXNpfcIvnMJo6UuF-nAyDTykZ1XeiX_lfC8LzQaCSmLad4uu6pNooqEFatoYmJ18ZLslepvi4HOPslA383HZPlc7b6UX9keYivGABSF9vvzQvSD_cRfPkTF0MOz-0mVF-JMekMz09fQ8HgYX_YHZVW8xD&__tn__=H-R
No author found,No date found,No text found,No URL found
No author found,No date found,No text found,No URL found
No author found,No date found,No text found,No URL found
No author found,No date found,No text found,No URL found
,"noestdSrop9l8g1uf,1a0:am¬†rfh7¬†51720645l1i40vm83lhfaf7646t96a","Amour interdit? Trouple canin? Harc√®lement de rue ? Le consentement doit √™tre respect√© par tous. Si vous aussi vous avez une chienne facile, qui harc√®le les autres et s‚Ä¶ En voir plus",https://www.facebook.com/stories/122096324234840415/UzpfSVNDOjE3Mzk2MTQwMzAyODEzOTE=/?view_single=false&__cft__[0]=AZVJk2SGCmAfsuJqH1iS59_N68qf079qs3rfc_LBNWcNX29ITJWTX6mqC1N4JffZ0a8A_dJStQIYABcfglw1e25AEGBu9rNp1ykzXfEj5e8ek5BmxxM0ipMuiaNmINBSeAQghI8rqMIgb-9MihiCkhBMUUl95iDMtHjFSVM01TsWLpr69xzfjB7oyTDv_9g1qRuhzjz4ec0lhkatfwYH1sIm&__tn__=%3C%3C%2CP-R
No author found,No date found,No text found,No URL found
Compte v√©rifi√©,8 f√©v,No text found,https://www.facebook.com/reel/517715214680374/?s=single_unit&__cft__[0]=AZWOwOHQex6UfnRH9tZ3P2qbRFm9mjXtDxetA7n9A6a6VbOU9H8TNVeSc1tF8mvZyr7RTYz7_aJ1uCx1pOANPODbkICZfVrDGpjOtmaITxStgL8uZUj6WxuDKDHtryrwVG7q_wxftvm89i9IWhzE0aRxdkINF0aEdtgoUtEuQaX21qa9b6qRKFSLgko0j4Slk9RiiHC-KGStirfCiQoGV8BS&__tn__=H-R
No author found,4 mar,No text found,https://www.facebook.com/reel/637987892501151/?s=single_unit&__cft__[0]=AZWxi0waZMUxGNOM5Z32xFBuUkzALTIIsx0Wg2kLAf6wZkr_mhBFqX72RheMt_SUfpGoHdfXWVtdjOVNducKaSyvBhat1NJ3YOc40n0OT25Ku3i2c9zZ_PrI7FYTQfBh-9P0qiwgD9Bk5YbmCJtnrtyjXWpPeV3B3OZyYtVUYCjTu3ncGrJ9J44d1-98WAvB9SNvUn8JexFYd7bPuYvgpVHc&__tn__=H-R
No author found,8 mar,No text found,https://www.facebook.com/reel/2274410886285720/?s=single_unit&__cft__[0]=AZVK-ibgYwzsqxfT1ChQoSZ15Yk2l36wGk3JQBpAxAPz6ultXN8rtd_eoRq_Y8FHj26CZHU50uPwmOeXSvfVDX5bWSgjb4T--IUsijxy4rY7PcTA-W5jHQidn-QxntbAr-CiJMgv8Byvw2v04GsqYS8Z-282zpr6F3aM9bWY3DMkOjIQks7ob4DXzjC55W2cUkmIsTWPSMHxbdS08HLK7BSk&__tn__=H-R
No author found,14 avr,No text found,https://www.facebook.com/reel/1194281995483567/?s=single_unit&__cft__[0]=AZUsKlCXhSaZypE3D00vRvh-6xOnJMRduzbHh2acnGVfbKF3tiQxm1-xSoXit3W7gPcIHUaSfwZNh1ofVjAyKGq1CsFhtucYoY96_ZP0SEPIzdgLpKMBtzx1bVFEPmLWWLivzEo-Rz01GQYgIVGlingZP604oJRZWc_sNn8XXRWK95ICmpu0FYmY_zr1Hlv7knYuAFTdXi77AJni2RHpj8cc&__tn__=H-R
No author found,No date found,No text found,No URL found
No author found,No date found,No text found,No URL found
No author found,No date found,No text found,No URL found
No author found,17 avr,No text found,https://www.facebook.com/reel/1475564716748867/?s=single_unit&__cft__[0]=AZW3Mzzks8dLu9xH4CvuCM38-KEz2U3lod2JyhLKZhhaU_eclyfelJjNNYiwf0P9WlcP5Z8LHNE4IyoptV1U0EF58NfVBFLuwjji1zQedCKeBT7VJgtJwLOVMb3lApqOCtaaAV3Y6fXrbHzWBu04HWecVqksR23c2LFpwwXPg3n8ERxstAby-koHlW0X6_Rda4c&__tn__=H-R
,"dnretSsoopm83274f21,fl77ch0m:6¬†t¬†7r66g77a011u91c4a3h7s7aggml",R√©cap‚Äô jour de tournage #2 :Encore une journ√©e de tournage qui s‚Äôest achev√© mercredi 26 mars 2025 dans le cadre de notre court m√©trage ¬´¬†Entre ombre et lumi√®re¬†¬ª au ly‚Ä¶ En voir plus,https://www.facebook.com/profile.php?id=61554106525631&__cft__[0]=AZU18SntKnl-RVQ2_931kwxdQ3gW7ZzP_wmsmgPbl-0FYqIQz4ipjY4-LkpEa71zVh-UqJkoFkR6aSG1vZIglOMlbUEtqM8QPmyBDDOUVh07UfzRx_WkmmnT3zNf7PfIEnY9R4otQPQxpBTwyqoamw35xzpOK3LUrXOO2YvELg0bAlAbArAeqnPNg9kQd5BxhvfvcxajALCtLrHcjKGwEaez&__tn__=%3C%3C%2CP-R
No author found,No date found,No text found,No URL found
No author found,14 jan,No text found,https://www.facebook.com/reel/907285667876481/?s=single_unit&__cft__[0]=AZWD8m7u03Tw-0mB6b6JlTsds_VNE3pZqC2e6qQG2DxficJT5WirTK8PlixofHMaJoTY0kawZZYYD_-9S82OBe94GSHP2balCFmPb-lp1D7tRMj00jdKqBW1vIH-jxRlQ39zNVPW75HZu3nXLi76Cnp1i6WUaYRxb3hrdjZHfJ7TX5RAQ7QhU_xXIgfGDv3LQaHThmqtyxKRt20JCUrvkGUC&__tn__=H-R
No author found,No date found,No text found,No URL found
No author found,17 avr,No text found,https://www.facebook.com/reel/664046129656647/?s=single_unit&__cft__[0]=AZUcxNX7LeWMdgcjjOcqiQG01RQwPnU-MHjMN4kshF8xZr76OT7lHwa7GYobKdYtCLr8zLZaKbTjGWFABjfN5vSRdtbzsFZIzUtMCRqsFFw-ZH4ynstgalE8RSdSip0apvLgO1AC7AQNkbQlyqrvtYnnCQzz46EJylBb_1Tc5HeeIrj5IBbphlRPk4BBaMkXW1o&__tn__=H-R
No author found,No date found,No text found,No URL found
No author found,No date found,No text found,No URL found
No author found,27 nov,No text found,https://www.facebook.com/reel/496872709338088/?s=single_unit&__cft__[0]=AZVSYezBlJFGKW2IMjSsor2Zce9VAWmjENRw2sJH6XuzsJgDrC-HTG48TeFiKn3MEhjqh-ffIr6so4t45bgkBFGi8-2Im9tvZo4Sr1WIG7RTG-16Gcw_OlUYdgVr3M01ySPZ_Me9VN7yiQwq1tRjvLBb-UbCwJr9TMe3R12okdXbwvDlLOZZPQAihOwSu4KZWVLaooWXdLuWiRdrC_E4zDbH&__tn__=H-R
No author found,No date found,No text found,No URL found
No author found,No date found,No text found,No URL found
,"tspnodeSro5a1mh,0c67u0i9¬†1611g7imi65ur¬†h9l156u805113v:l9u47f","#paris Aujourd‚Äôhui se tenait une audience publique et coll√©giale au Tribunal judiciaire de Paris. Khadija dite ""Khadija la combattante"" et son avocate ma√Ætre Pauline R‚Ä¶ En voir plus",https://www.facebook.com/profile.php?id=100087979941473&__cft__[0]=AZWqHZaVQ0dsXtcloch7GPRK2RBYCtZ9D1oa6nC-hxzEAaBrZnFTpqvy6gKNoqSJDKF982f8YB4aI1QEQkNFDULTNLShPvrMXxbiQ3r4R_ZUv-uTqEi5HTafybSnCcwbIAeJv_uo4NWo1ltKFMs2kiabJKx9FxpqhVl6F-mRb1dg3CuJlJQoJL8Wzz3HptgUcqlnt92OggGP5-szkC2SA93A&__tn__=%3C%3C%2CP-R
No author found,No date found,No text found,No URL found
No author found,No date found,No text found,No URL found
No author found,No date found,No text found,No URL found
No author found,No date found,No text found,No URL found
No author found,7 jan,No text found,https://www.facebook.com/reel/1251297019286170/?s=single_unit&__cft__[0]=AZVMJLbkmeVnHAwXeZIOE-QnWKO17vdyXxiIIM_50quT-VcX1iqDkfEnrjscd2fg3-NZpXPQ1ZbNPr8sk9ifKqNADWEIc_ARPThtiUmxpCDnucaGH8uRkKCrYTylHpy64g6B7WueUXHC1DdwRxit76ox0xNYxEJFX41d_GdOziKC_H5NRVQa62gHHyz1um7lbkK9OO4gOZqZSXsQvQr5OvZJ&__tn__=H-R
No author found,3 jan,No text found,https://www.facebook.com/reel/585516377665298/?s=single_unit&__cft__[0]=AZXH-Argn2fX_HyL7n51mZ-U6qtS8HTRsf22SCvo7KmU9HpEn_6lIXVcaPU3jMoQ5fKmmCSAyRX6cRhpDmUSftltHhQj_D8nmB76pygUDTfonnpoyjH6Kn8InFiz4LQGnvIajTR3QbYyl-TwEntkw5K61VtcAcpFrziQgSN9sRcb0tfiRnS7RDogz6P1MWkWzA6BYBc8qlzLZc3KnOwvEINx&__tn__=H-R
No author found,No date found,No text found,No URL found
No author found,No date found,No text found,No URL found
No author found,No date found,No text found,No URL found
No author found,6 jan,No text found,https://www.facebook.com/reel/1539753350015048/?s=single_unit&__cft__[0]=AZXsREXRBkttzPGxiauw-PGi0T46vpsf4JvVxKcpVDn-zCqwTSKVrpVVJ3m3BcqMom5qYi0ab8LQtssvMsUFmLbV0XtW_LZquSaD4ank8iWjdVwUI5hLFSiGrWuGvGYQVgp1zKezT9ABD1eJ73MWBDStmG18N3Tk9DQGKBEU1CI7PmbF-wcpptC3TE8aRJ_sESEw2Mg8SlG7u3M4Tw14yc8Y&__tn__=H-R
No author found,10 jan,No text found,https://www.facebook.com/reel/503241686114525/?s=single_unit&__cft__[0]=AZVgedXOn7BfvX4bvPWDSxcadfvEJQg6UUqL36rWB9I4ZFly8hOs0msn-S58rlYp_61oJ50gPCmHzWW-ZMax964y6f0fvdhchYiZu2frqy6aKpp9QylFhB8CVGYzsaLU15FjnTwRS-ldt1isJO4dzI5xI03q-csWxYN5OtxKRlfwiWx04bvrCuoj6jaeu-svduMVaoKu1U_8zLBg1KTMWjCa&__tn__=H-R
No author found,28 jan,No text found,https://www.facebook.com/reel/973235064994517/?s=single_unit&__cft__[0]=AZWxlpkgISKv7n0RUCXBDwrjGFO5fPlmsDv4GvXKZbZGGxyD-2M0ZV3J4fC_Bws0HXQ5jjKerdHJd3fa_3GB6n3HF8Yu7B9qQLCzXRdi4VlUzFfAQ8xV-YnNV2XUu0ZBVEJy-tfjzEYmhfjp8x-hB8J1H0AGn_qzPZ3JJDruA87s1kRT5mYS1vsizE5qzlWQ1qc0malVGpsrr31keqnTlxnM&__tn__=H-R
,"sonpdSterov1ttl86hf25,7t43¬†:hl495a1l¬†8hi2lmihgh7h01062acrh41", Stage √† l‚ÄôUSSE (@Union Sportive de Saint-Evarzec)‚Ä¶ En voir plus,https://www.facebook.com/stories/101589849364344/UzpfSVNDOjEwMTgxMjcyNzMwMzU0MDc=/?view_single=false&__cft__[0]=AZXywZoDNKf-LA-pkSMmiwUpNki2INY12bXTNGrUvdpro50kiPVjQv4v755qghEx6fsc-otwIwOQcJ-ckm0cTFmFngZph3Yb8a27bY2InT41JeRNvnAezAOtsLgMtIS8iRL0lzTL-Db9ifQuNhDKtNZnak1nJlGrEuARSIf3VI3IdK6aFcSxrL8_2pJv0vbf_O0&__tn__=%3C%3C%2CP-R
No author found,18 mar,No text found,https://www.facebook.com/reel/1807500126767544/?s=single_unit&__cft__[0]=AZUsCy3BzitVEzsmMfn0PdeeHUDALHIDbf_YQmY-oFyMALfj_XiLejDj31PJOCtXAEu6tUykZjtxrv4vBMvW6nuEqEiTCuvRHseGi6jAjDfsPgKMEuagQtV47igTraf-8eYhCNxPRa91LpnU2iKiLcVCvze_PI3FP07uEe2Iib3HdLvnmrYQ2jihDKVg5HNtoocWloKT0-POkx16IZS4e1cz&__tn__=H-R
No author found,13 f√©v,No text found,https://www.facebook.com/reel/1177968380384958/?s=single_unit&__cft__[0]=AZVbTqphcmQBXywUl2t9GeDDn6h6B_xanOb2PEUn_5sz6fFCsVkvWPDsRKCqrhaKWNQ3kFNBHv4vc6J31oyNYBlSBuFdiutcBvNNHCJN_tOsPvLQiMEe6ePOeHJKANNrOhuwk3OdS6xQXCoyp4b4DHqSp5Z87GFIEDYPfdSEuw9Of7duuEWtoXY0rdOzj5a2SzLqUUz3JBpPOhuGBCi6dgOx&__tn__=H-R
